pdb_file,ASP34-ARG97,ASP34-ARG100,ASP34-ARG103,ASP34-LYS106,ASP34-ARG109,GLU47-ARG97,GLU47-ARG100,GLU47-ARG103,GLU47-LYS106,GLU47-ARG109
model_1_ptm_r0_seed3.pdb,3.8,8.6,17.0,25.0,29.4,19.8,12.9,3.5,7.9,16.5
model_2_ptm_r0_seed9.pdb,6.5,8.1,17.2,25.7,30.9,20.6,13.3,7.1,9.4,17.4
model_5_ptm_r0_seed7.pdb,3.2,10.0,19.4,26.5,30.1,18.0,11.9,5.5,10.5,17.1
model_5_ptm_r0_seed6.pdb,11.1,4.6,9.8,19.5,26.6,25.6,18.5,11.5,4.3,9.7
model_2_ptm_r0_seed8.pdb,3.5,9.3,17.5,26.0,26.1,19.3,12.7,5.5,11.1,8.3
model_1_ptm_r0_seed2.pdb,3.5,8.9,17.6,24.9,30.2,18.5,12.3,3.2,6.9,16.4
model_1_ptm_r0_seed0.pdb,6.1,8.6,18.0,24.7,30.8,18.2,11.2,3.9,8.8,17.0
model_5_ptm_r0_seed4.pdb,7.8,5.3,11.0,20.6,28.4,24.3,17.6,10.8,4.8,13.5
model_5_ptm_r0_seed5.pdb,4.8,8.5,15.3,22.1,28.0,20.5,14.1,6.0,3.2,9.8
model_1_ptm_r0_seed1.pdb,4.6,8.2,16.3,23.3,29.7,20.3,13.2,2.5,5.9,16.3
model_1_ptm_r0_seed5.pdb,4.6,7.5,16.2,23.9,28.7,21.5,13.9,4.7,9.3,15.7
model_5_ptm_r0_seed1.pdb,10.1,5.1,9.9,20.2,27.3,24.4,17.7,10.7,5.2,13.0
model_5_ptm_r0_seed0.pdb,4.0,8.8,16.8,23.7,31.8,19.3,12.6,5.3,4.3,16.5
model_1_ptm_r0_seed4.pdb,5.0,8.5,17.6,24.6,30.7,18.6,12.0,3.8,10.9,18.6
model_1_ptm_r0_seed6.pdb,5.2,8.4,16.4,23.6,29.8,20.6,13.0,3.5,8.6,18.7
model_5_ptm_r0_seed2.pdb,5.4,7.8,16.2,22.5,30.1,19.7,12.6,5.1,6.7,16.8
model_5_ptm_r0_seed3.pdb,9.0,5.4,10.6,20.5,28.1,24.5,17.6,10.9,4.5,10.6
model_1_ptm_r0_seed7.pdb,4.6,9.1,17.5,24.5,31.3,19.5,12.1,3.0,6.9,17.5
model_3_ptm_r0_seed8.pdb,13.7,6.4,8.9,18.5,24.9,25.2,18.8,11.9,4.4,6.3
model_4_ptm_r0_seed6.pdb,3.3,9.8,18.4,26.0,30.0,18.3,11.7,4.1,10.2,16.0
model_4_ptm_r0_seed7.pdb,4.4,8.9,17.1,24.0,30.7,19.7,10.8,4.5,6.5,16.4
model_3_ptm_r0_seed9.pdb,5.6,7.6,15.9,24.3,30.0,20.0,13.0,4.2,8.5,18.1
model_4_ptm_r0_seed5.pdb,5.4,10.1,17.6,25.9,31.8,15.1,11.1,3.5,6.8,16.0
model_4_ptm_r0_seed4.pdb,4.1,9.1,17.7,25.3,31.2,18.8,12.3,4.7,6.8,17.4
model_4_ptm_r0_seed0.pdb,2.8,7.9,14.4,2